{
  "project_info": {
    "project_number": "855402682475",
    "firebase_url": "https://paynow-e51a2.firebaseio.com",
    "project_id": "paynow-e51a2",
    "storage_bucket": "paynow-e51a2.appspot.com"
  },
  "client": [
    {
      "client_info": {
        "mobilesdk_app_id": "1:855402682475:android:119e4cc381c2c161cab92e",
        "android_client_info": {
          "package_name": "com.example.paynow"
        }
      },
      "oauth_client": [
        {
          "client_id": "855402682475-v2r5o8k6nk9go9mbubdkmat7066rf791.apps.googleusercontent.com",
          "client_type": 1,
          "android_info": {
            "package_name": "com.example.paynow",
            "certificate_hash": "5d6b2acb89be42a41ae44bc1e88e37ebb2593e66"
          }
        },
        {
          "client_id": "855402682475-p5ol1tbs70fqia8l1qlpc27kv49229lt.apps.googleusercontent.com",
          "client_type": 3
        }
      ],
      "api_key": [
        {
          "current_key": "AIzaSyDU3UylvWfqBDGkugNZgNWYo1NXXKWewFc"
        }
      ],
      "services": {
        "appinvite_service": {
          "other_platform_oauth_client": [
            {
              "client_id": "855402682475-p5ol1tbs70fqia8l1qlpc27kv49229lt.apps.googleusercontent.com",
              "client_type": 3
            }
          ]
        }
      }
    }
  ],
  "configuration_version": "1"
}